{"EHAM": {"Latitud": 52.308609, "Longitud": 4.763889}, "KAHN": {"Latitud": 33.95195, "Longitud": -83.324722}, "LGAV": {"Latitud": 37.936352, "Longitud": 23.94446}, "KUNI": {"Latitud": 39.210999, "Longitud": -82.2314}, "KMMI": {"Latitud": 35.397221, "Longitud": -84.5625}, "LEBL": {"Latitud": 41.29707, "Longitud": 2.078463}, "SVBC": {"Latitud": 10.10713, "Longitud": -64.689102}, "EDDB": {"Latitud": 52.362877, "Longitud": 13.503722}, "LHBS": {"Latitud": 47.451065, "Longitud": 18.980589}, "LHBP": {"Latitud": 47.436932, "Longitud": 19.25559}, "FAEL": {"Latitud": -33.0355, "Longitud": 27.82593}, "LPPT": {"Latitud": 38.781311, "Longitud": -9.13591}, "EGKB": {"Latitud": 51.33083, "Longitud": 0.0325}, "EGLC": {"Latitud": 51.505268, "Longitud": 0.055278}, "KLOZ": {"Latitud": 37.087223, "Longitud": -84.076942}, "EGTR": {"Latitud": 51.655834, "Longitud": -0.325833}, "EGKK": {"Latitud": 51.148048, "Longitud": -0.19027}, "EGLL": {"Latitud": 51.471626, "Longitud": -0.467081}, "CYXU": {"Latitud": 43.033051, "Longitud": -81.1511}, "EGGW": {"Latitud": 51.874722, "Longitud": -0.36833}, "EGTK": {"Latitud": 51.836941, "Longitud": -1.32}, "EGMC": {"Latitud": 51.571381, "Longitud": 0.695556}, "EGSS": {"Latitud": 51.884998, "Longitud": 0.235}, "KGON": {"Latitud": 41.327633, "Longitud": -72.0457}, "LFOB": {"Latitud": 49.454189, "Longitud": 2.11355}, "LFPG": {"Latitud": 49.012516, "Longitud": 2.555752}, "KPRX": {"Latitud": 33.636665, "Longitud": -95.450279}, "KPHT": {"Latitud": 36.336384, "Longitud": -88.38427}, "LFPB": {"Latitud": 48.958801, "Longitud": 2.4336}, "LFPO": {"Latitud": 48.723331, "Longitud": 2.379444}, "LFOK": {"Latitud": 48.759998, "Longitud": 4.2}, "LFPV": {"Latitud": 48.774399, "Longitud": 2.20154}, "LIRA": {"Latitud": 41.799358, "Longitud": 12.59493}, "KRME": {"Latitud": 43.233799, "Longitud": -75.406998}, "LIRF": {"Latitud": 41.80447, "Longitud": 12.25079}, "KRMG": {"Latitud": 34.349998, "Longitud": -85.150002}, "LIRU": {"Latitud": 41.952232, "Longitud": 12.502346}, "LIRV": {"Latitud": 42.435539, "Longitud": 12.061646}, "KLOT": {"Latitud": 41.607224, "Longitud": -88.096107}, "LOWW": {"Latitud": 48.110271, "Longitud": 16.569719}, "LOAV": {"Latitud": 47.964615, "Longitud": 16.260967}}